model,collateral,risk,imr
Naive OLS,-0.4971451425037162,0.8941286213752083,
Heckman two-step,-0.41453080064020603,0.8342436490762453,0.32051724531014686
