term,estimate,sigma
const,-0.24099663536553695,0.8860694650083544
opportunity,0.9546130631126519,0.8860694650083544
collateral,1.0849404808207257,0.8860694650083544
cash,-0.6403737854632164,0.8860694650083544
