varname,probability_channel,intensity_channel,total_ame
collateral,2.586365401358353,2.8903709621614033,5.476736363519756
bank_access,2.063782561991904,0.0,2.063782561991904
opportunity,0.0,2.6644277996224894,2.6644277996224894
