变量,FRM AME,OLS 边际效应
collateral,0.3780833397408326,0.3771267193049627
risk,-0.14278260041392637,-0.14301005091300514
