变量,概率渠道 AME,强度渠道 AME,总 AME
collateral,3.1409138658170312,2.350162391731242,5.491076257548274
bank_access,0.963652107684651,0.0,0.963652107684651
opportunity,0.0,1.4653008585466039,1.4653008585466039
