变量,OLS 系数,FRM 系数,FRM 标准误
const,0.46967967402300703,-0.1772868922452463,0.0811982713432081
collateral,0.3771267193049627,1.8361625521168723,0.18005352525615675
risk,-0.14301005091300514,-0.6934240058121355,0.03802042627979326
