group,P(Y),P(rain|Y),P(no rain|Y),H(X|Y=y)
低温区,0.3,0.05,0.95,0.28639695711595625
中温区,0.4,0.4,0.6,0.9709505944546686
高温区,0.3,0.75,0.25,0.8112781244591328
