,coef,se_naive,t_naive,pvalue_naive
const,6.168933778534774,0.060506632714127366,101.9546701215522,0.0
collateral,-1.0655579747443735,0.08876158881254619,-12.004719485077086,5.738773586199293e-32
risk,1.249444872780874,0.023536457236953835,53.08551156200181,0.0
imr_hat,-0.4736217180718618,0.05690045222862679,-8.323689874534622,1.689849562888881e-16
