,true_full_sample_OLS,naive_observed_OLS,heckman_two_step
const,6.140918713433217,5.8325473988989,6.168933778534774
collateral,-1.052428522742239,-0.8685439775443836,-1.0655579747443735
risk,1.2271614485247746,1.1393433911371804,1.249444872780874
imr_hat,,,-0.4736217180718618
