,coef,se,t,pvalue
const,5.8325473988989,0.045896692440788596,127.07990682386273,0.0
collateral,-0.8685439775443836,0.08719134755131493,-9.961355133698529,8.902154072763225e-23
risk,1.1393433911371804,0.01984194302049089,57.42095872166218,0.0
