,coef,se,z,pvalue
const,-0.2376401325198658,0.0634482224709821,-3.7454182838384473,0.00018009346176892592
collateral,1.3072938305131618,0.1332524815409008,9.810652795324478,1.0131101827795114e-22
bank_access,0.8414930418205832,0.034738863864062004,24.22338983547252,1.2615767878415536e-129
risk,-0.7228631976879062,0.032294930509407245,-22.38317860685107,5.7403251593544775e-111
