变量,潜变量边际效应 beta_j,正贷款概率 AME,观测贷款金额 AME,正值条件均值 AME
opportunity,0.8509040623317328,0.20918304731180448,0.3681697417148356,0.3119258164856129
collateral,0.7145813712865122,0.17566999079584264,0.3091855481096778,0.2619524192576437
cash,-0.5302949347436379,-0.13036570787981747,-0.22944836885869185,-0.19439639299031386
