变量,真实参数,Tobit MLE,OLS 全样本,OLS 正值样本
const,-0.25,-0.276722170313249,0.5125254913816342,0.7335198591685016
opportunity,0.85,0.8509040623317328,0.3623695529717085,0.46019930835075307
collateral,0.7,0.7145813712865122,0.3077509037421638,0.34116531893080215
cash,-0.55,-0.5302949347436379,-0.21511115888689825,-0.2717680883779397
